id,first_name,last_name,phone_number,email,address,credit_score
1,Ariadne,Bagby,743-210-7343,abagby0@mozilla.org,68 Glacier Hill Parkway,525
2,Maudie,Wiggett,448-350-9067,mwiggett1@multiply.com,7 Fordem Court,765
3,Rosamund,Heyns,466-134-8209,rheyns2@constantcontact.com,30 Memorial Center,836
4,Herschel,Walder,260-292-3625,hwalder3@indiatimes.com,74410 Dunning Crossing,879
5,Giorgia,Bisatt,344-511-8271,gbisatt4@reuters.com,30 Everett Trail,808
6,Beverlee,Edgcombe,839-987-6974,bedgcombe5@ox.ac.uk,76882 Sauthoff Alley,358
7,Faydra,Redhole,542-835-7770,fredhole6@jimdo.com,25 Cottonwood Place,334
8,Kevyn,Baxter,351-561-2443,kbaxter7@cbc.ca,32 Elmside Point,371
9,Engelbert,Lethbridge,631-431-0554,elethbridge8@booking.com,575 Utah Park,620
10,Jaime,Dunham,856-999-6801,jdunham9@github.com,3 Aberg Circle,694
11,Loralee,Farrell,726-714-3177,lfarrella@samsung.com,68 Ronald Regan Hill,840
12,Erwin,Epine,384-207-0745,eepineb@tumblr.com,6 Weeping Birch Hill,764
13,Granger,Karppi,989-271-5773,gkarppic@miitbeian.gov.cn,8 Lakewood Crossing,465
14,Belicia,Featherbie,380-987-0511,bfeatherbied@blogs.com,35106 Butterfield Hill,250
15,Webster,Monan,233-413-9187,wmonane@usda.gov,7 Hanson Hill,850
